[
  {
    "model": "wagtailcore.site",
    "pk": 1,
    "fields": {
      "hostname": "localhost",
      "port": 80,
      "site_name": "",
      "root_page": 3,
      "is_default_site": true
    }
  },
  {
    "model": "wagtailcore.collection",
    "pk": 1,
    "fields": {
      "path": "0001",
      "depth": 1,
      "numchild": 0,
      "name": "Root"
    }
  },
  {
    "model": "taggit.tag",
    "pk": 1,
    "fields": {
      "name": "07",
      "slug": "07"
    }
  },
  {
    "model": "taggit.tag",
    "pk": 2,
    "fields": {
      "name": "2016",
      "slug": "2016"
    }
  },
  {
    "model": "taggit.tag",
    "pk": 3,
    "fields": {
      "name": "lettre",
      "slug": "lettre"
    }
  },
  {
    "model": "taggit.tag",
    "pk": 4,
    "fields": {
      "name": "sedhiou",
      "slug": "sedhiou"
    }
  },
  {
    "model": "taggit.tag",
    "pk": 5,
    "fields": {
      "name": "juillet",
      "slug": "juillet"
    }
  },
  {
    "model": "taggit.tag",
    "pk": 6,
    "fields": {
      "name": "kedougou",
      "slug": "kedougou"
    }
  },
  {
    "model": "taggit.tag",
    "pk": 7,
    "fields": {
      "name": "AG",
      "slug": "ag"
    }
  },
  {
    "model": "taggit.tag",
    "pk": 8,
    "fields": {
      "name": "diourbel",
      "slug": "diourbel"
    }
  },
  {
    "model": "taggit.tag",
    "pk": 9,
    "fields": {
      "name": "PV",
      "slug": "pv"
    }
  },
  {
    "model": "taggit.tag",
    "pk": 10,
    "fields": {
      "name": "kaffrine",
      "slug": "kaffrine"
    }
  },
  {
    "model": "taggit.taggeditem",
    "pk": 1,
    "fields": {
      "tag": 1,
      "content_type": [
        "wagtaildocs",
        "document"
      ],
      "object_id": 1
    }
  },
  {
    "model": "taggit.taggeditem",
    "pk": 2,
    "fields": {
      "tag": 2,
      "content_type": [
        "wagtaildocs",
        "document"
      ],
      "object_id": 1
    }
  },
  {
    "model": "taggit.taggeditem",
    "pk": 3,
    "fields": {
      "tag": 3,
      "content_type": [
        "wagtaildocs",
        "document"
      ],
      "object_id": 1
    }
  },
  {
    "model": "taggit.taggeditem",
    "pk": 4,
    "fields": {
      "tag": 4,
      "content_type": [
        "wagtaildocs",
        "document"
      ],
      "object_id": 1
    }
  },
  {
    "model": "taggit.taggeditem",
    "pk": 5,
    "fields": {
      "tag": 5,
      "content_type": [
        "wagtaildocs",
        "document"
      ],
      "object_id": 1
    }
  },
  {
    "model": "taggit.taggeditem",
    "pk": 6,
    "fields": {
      "tag": 1,
      "content_type": [
        "wagtaildocs",
        "document"
      ],
      "object_id": 2
    }
  },
  {
    "model": "taggit.taggeditem",
    "pk": 7,
    "fields": {
      "tag": 2,
      "content_type": [
        "wagtaildocs",
        "document"
      ],
      "object_id": 2
    }
  },
  {
    "model": "taggit.taggeditem",
    "pk": 8,
    "fields": {
      "tag": 5,
      "content_type": [
        "wagtaildocs",
        "document"
      ],
      "object_id": 2
    }
  },
  {
    "model": "taggit.taggeditem",
    "pk": 9,
    "fields": {
      "tag": 6,
      "content_type": [
        "wagtaildocs",
        "document"
      ],
      "object_id": 2
    }
  },
  {
    "model": "taggit.taggeditem",
    "pk": 10,
    "fields": {
      "tag": 7,
      "content_type": [
        "wagtaildocs",
        "document"
      ],
      "object_id": 2
    }
  },
  {
    "model": "taggit.taggeditem",
    "pk": 11,
    "fields": {
      "tag": 8,
      "content_type": [
        "wagtaildocs",
        "document"
      ],
      "object_id": 3
    }
  },
  {
    "model": "taggit.taggeditem",
    "pk": 12,
    "fields": {
      "tag": 1,
      "content_type": [
        "wagtaildocs",
        "document"
      ],
      "object_id": 3
    }
  },
  {
    "model": "taggit.taggeditem",
    "pk": 13,
    "fields": {
      "tag": 2,
      "content_type": [
        "wagtaildocs",
        "document"
      ],
      "object_id": 3
    }
  },
  {
    "model": "taggit.taggeditem",
    "pk": 14,
    "fields": {
      "tag": 9,
      "content_type": [
        "wagtaildocs",
        "document"
      ],
      "object_id": 3
    }
  },
  {
    "model": "taggit.taggeditem",
    "pk": 15,
    "fields": {
      "tag": 5,
      "content_type": [
        "wagtaildocs",
        "document"
      ],
      "object_id": 3
    }
  },
  {
    "model": "taggit.taggeditem",
    "pk": 16,
    "fields": {
      "tag": 1,
      "content_type": [
        "wagtaildocs",
        "document"
      ],
      "object_id": 4
    }
  },
  {
    "model": "taggit.taggeditem",
    "pk": 17,
    "fields": {
      "tag": 2,
      "content_type": [
        "wagtaildocs",
        "document"
      ],
      "object_id": 4
    }
  },
  {
    "model": "taggit.taggeditem",
    "pk": 18,
    "fields": {
      "tag": 5,
      "content_type": [
        "wagtaildocs",
        "document"
      ],
      "object_id": 4
    }
  },
  {
    "model": "taggit.taggeditem",
    "pk": 19,
    "fields": {
      "tag": 7,
      "content_type": [
        "wagtaildocs",
        "document"
      ],
      "object_id": 4
    }
  },
  {
    "model": "taggit.taggeditem",
    "pk": 20,
    "fields": {
      "tag": 9,
      "content_type": [
        "wagtaildocs",
        "document"
      ],
      "object_id": 4
    }
  },
  {
    "model": "taggit.taggeditem",
    "pk": 21,
    "fields": {
      "tag": 10,
      "content_type": [
        "wagtaildocs",
        "document"
      ],
      "object_id": 4
    }
  },
  {
    "model": "sira.homepage",
    "pk": 3,
    "fields": {}
  },
  {
    "model": "sira.documentpage",
    "pk": 4,
    "fields": {}
  },
  {
    "model": "wagtailcore.pagerevision",
    "pk": 1,
    "fields": {
      "page": 3,
      "submitted_for_moderation": false,
      "created_at": "2016-09-25T11:00:33.103Z",
      "user": [
        "admin"
      ],
      "content_json": "{\"title\": \"SIRA\", \"numchild\": 0, \"path\": \"00010002\", \"content_type\": 28, \"owner\": 1, \"pk\": 3, \"first_published_at\": null, \"url_path\": \"/sira/\", \"show_in_menus\": false, \"has_unpublished_changes\": false, \"live\": true, \"slug\": \"sira\", \"search_description\": \"\", \"latest_revision_created_at\": null, \"depth\": 2, \"expire_at\": null, \"locked\": false, \"expired\": false, \"go_live_at\": null, \"seo_title\": \"\"}",
      "approved_go_live_at": null
    }
  },
  {
    "model": "wagtailcore.pagerevision",
    "pk": 2,
    "fields": {
      "page": 4,
      "submitted_for_moderation": false,
      "created_at": "2016-10-18T22:36:11.925Z",
      "user": [
        "admin"
      ],
      "content_json": "{\"title\": \"Documents\", \"search_description\": \"\", \"latest_revision_created_at\": null, \"live\": true, \"content_type\": 28, \"expire_at\": null, \"show_in_menus\": false, \"first_published_at\": null, \"locked\": false, \"depth\": 3, \"url_path\": \"/sira/documents/\", \"go_live_at\": null, \"has_unpublished_changes\": false, \"slug\": \"documents\", \"expired\": false, \"owner\": 1, \"numchild\": 0, \"seo_title\": \"\", \"pk\": 4, \"path\": \"000100020001\"}",
      "approved_go_live_at": null
    }
  },
  {
    "model": "wagtailcore.page",
    "pk": 1,
    "fields": {
      "path": "0001",
      "depth": 1,
      "numchild": 1,
      "title": "Root",
      "slug": "root",
      "content_type": [
        "wagtailcore",
        "page"
      ],
      "live": true,
      "has_unpublished_changes": false,
      "url_path": "/",
      "owner": null,
      "seo_title": "",
      "show_in_menus": false,
      "search_description": "",
      "go_live_at": null,
      "expire_at": null,
      "expired": false,
      "locked": false,
      "first_published_at": null,
      "latest_revision_created_at": null
    }
  },
  {
    "model": "wagtailcore.page",
    "pk": 2,
    "fields": {
      "path": "00010001",
      "depth": 2,
      "numchild": 0,
      "title": "Welcome to your new Wagtail site!",
      "slug": "home",
      "content_type": [
        "wagtailcore",
        "page"
      ],
      "live": true,
      "has_unpublished_changes": false,
      "url_path": "/home/",
      "owner": null,
      "seo_title": "",
      "show_in_menus": false,
      "search_description": "",
      "go_live_at": null,
      "expire_at": null,
      "expired": false,
      "locked": false,
      "first_published_at": null,
      "latest_revision_created_at": null
    }
  },
  {
    "model": "wagtailcore.page",
    "pk": 3,
    "fields": {
      "path": "00010002",
      "depth": 2,
      "numchild": 1,
      "title": "SIRA",
      "slug": "sira",
      "content_type": [
        "sira",
        "homepage"
      ],
      "live": true,
      "has_unpublished_changes": false,
      "url_path": "/sira/",
      "owner": [
        "admin"
      ],
      "seo_title": "",
      "show_in_menus": false,
      "search_description": "",
      "go_live_at": null,
      "expire_at": null,
      "expired": false,
      "locked": false,
      "first_published_at": "2016-09-25T11:00:33.137Z",
      "latest_revision_created_at": "2016-09-25T11:00:33.103Z"
    }
  },
  {
    "model": "wagtailcore.page",
    "pk": 4,
    "fields": {
      "path": "000100020001",
      "depth": 3,
      "numchild": 0,
      "title": "Documents",
      "slug": "documents",
      "content_type": [
        "sira",
        "documentpage"
      ],
      "live": true,
      "has_unpublished_changes": false,
      "url_path": "/sira/documents/",
      "owner": [
        "admin"
      ],
      "seo_title": "",
      "show_in_menus": false,
      "search_description": "",
      "go_live_at": null,
      "expire_at": null,
      "expired": false,
      "locked": false,
      "first_published_at": "2016-10-18T22:36:11.952Z",
      "latest_revision_created_at": "2016-10-18T22:36:11.925Z"
    }
  },
  {
    "model": "wagtaildocs.document",
    "pk": 1,
    "fields": {
      "collection": 1,
      "title": "Installation des membres du bureau de la chambre des m\u00e9tiers de S\u00e9dhiou",
      "file": "documents/lettre_1219_GR_SDH_AA_05_07_2016_DiUHuVX.pdf",
      "created_at": "2016-10-06T15:41:05.292Z",
      "uploaded_by_user": [
        "admin"
      ]
    }
  },
  {
    "model": "wagtaildocs.document",
    "pk": 2,
    "fields": {
      "collection": 1,
      "title": "Installation des membres du bureau des AG des Chambres des m\u00e9tiers",
      "file": "documents/lettre_129_GR_KDG_14_07_2016_3sjzGIU.pdf",
      "created_at": "2016-10-06T15:43:56.637Z",
      "uploaded_by_user": [
        "admin"
      ]
    }
  },
  {
    "model": "wagtaildocs.document",
    "pk": 3,
    "fields": {
      "collection": 1,
      "title": "Proc\u00e8s verbal d'\u00e9lections des membres du bureau de la Chambre des m\u00e9tiers",
      "file": "documents/lettre_1646_GRD_AD_11_07_2016_Jthdi0G.pdf",
      "created_at": "2016-10-06T15:45:43.649Z",
      "uploaded_by_user": [
        "admin"
      ]
    }
  },
  {
    "model": "wagtaildocs.document",
    "pk": 4,
    "fields": {
      "collection": 1,
      "title": "PV assembl\u00e9e g\u00e9n\u00e9rale d'\u00e9lection des membres du bureau",
      "file": "documents/pv_ag_N01_02_07_2016_PnDZUrP.pdf",
      "created_at": "2016-10-06T15:48:02.762Z",
      "uploaded_by_user": [
        "admin"
      ]
    }
  }
]
